INSERT INTO contatos (contato_id, contato_cia, contato_dept, contato_dono, contato_posto_valor, contato_posto, contato_nomeguerra, contato_nomecompleto, contato_ordem, contato_arma, contato_nascimento, contato_funcao, contato_hora_custo) VALUES
	(9,1,NULL,1,19,'Sr.','Aluno 01','Aluno 01',NULL,NULL,NULL,'instruendo',100.000),
	(10,1,NULL,1,19,'Sr.','Aluno 02','Aluno 02',NULL,NULL,NULL,'instruendo',100.000),
	(11,1,NULL,1,19,'Sr.','Aluno 03','Aluno 03',NULL,NULL,NULL,'instruendo',100.000),
	(12,1,NULL,1,19,'Sr.','Aluno 04','Aluno 04',NULL,NULL,NULL,'instruendo',100.000),
	(13,1,NULL,1,19,'Sr.','Aluno 05','Aluno 05',NULL,NULL,NULL,'instruendo',100.000),
	(14,1,NULL,1,19,'Sr.','Aluno 06','Aluno 06',NULL,NULL,NULL,'instruendo',100.000),
	(15,1,NULL,1,19,'Sr.','Aluno 07','Aluno 07',NULL,NULL,NULL,'instruendo',100.000),
	(16,1,NULL,1,19,'Sr.','Aluno 08','Aluno 08',NULL,NULL,NULL,'instruendo',100.000),
	(17,1,NULL,1,19,'Sr.','Aluno 09','Aluno 09',NULL,NULL,NULL,'instruendo',100.000),
	(18,1,NULL,1,19,'Sr.','Aluno 10','Aluno 10',NULL,NULL,NULL,'instruendo',100.000),
	(19,1,NULL,1,19,'Sr.','Aluno 11','Aluno 11',NULL,NULL,NULL,'instruendo',100.000),
	(20,1,NULL,1,19,'Sr.','Aluno 12','Aluno 12',NULL,NULL,NULL,'instruendo',100.000),
	(21,1,NULL,1,19,'Sr.','Aluno 13','Aluno 13',NULL,NULL,NULL,'instruendo',100.000),
	(22,1,NULL,1,19,'Sr.','Aluno 14','Aluno 14',NULL,NULL,NULL,'instruendo',100.000),
	(23,1,NULL,1,19,'Sr.','Aluno 15','Aluno 15',NULL,NULL,NULL,'instruendo',100.000),
	(24,1,NULL,1,19,'Sr.','Aluno 16','Aluno 16',NULL,NULL,NULL,'instruendo',100.000),
	(25,1,NULL,1,19,'Sr.','Aluno 17','Aluno 17',NULL,NULL,NULL,'instruendo',100.000),
	(26,1,NULL,1,19,'Sr.','Aluno 18','Aluno 18',NULL,NULL,NULL,'instruendo',100.000),
	(27,1,NULL,1,19,'Sr.','Aluno 19','Aluno 19',NULL,NULL,NULL,'instruendo',100.000),
	(28,1,NULL,1,19,'Sr.','Aluno 20','Aluno 20',NULL,NULL,NULL,'instruendo',100.000),
	(29,1,NULL,1,19,'Sr.','Aluno 21','Aluno 21',NULL,NULL,NULL,'instruendo',100.000),
	(30,1,NULL,1,19,'Sr.','Aluno 22','Aluno 22',NULL,NULL,NULL,'instruendo',100.000),
	(31,1,NULL,1,19,'Sr.','Aluno 23','Aluno 23',NULL,NULL,NULL,'instruendo',100.000),
	(32,1,NULL,1,19,'Sr.','Aluno 24','Aluno 24',NULL,NULL,NULL,'instruendo',100.000),
	(33,1,NULL,1,19,'Sr.','Aluno 25','Aluno 25',NULL,NULL,NULL,'instruendo',100.000),
	(34,1,NULL,1,19,'Sr.','Aluno 26','Aluno 26',NULL,NULL,NULL,'instruendo',100.000),
	(35,1,NULL,1,19,'Sr.','Aluno 27','Aluno 27',NULL,NULL,NULL,'instruendo',100.000),
	(36,1,NULL,1,19,'Sr.','Aluno 28','Aluno 28',NULL,NULL,NULL,'instruendo',100.000),
	(37,1,NULL,1,19,'Sr.','Aluno 29','Aluno 29',NULL,NULL,NULL,'instruendo',100.000),
	(38,1,NULL,1,19,'Sr.','Aluno 30','Aluno 30',NULL,NULL,NULL,'instruendo',100.000),
	(39,1,NULL,1,19,'Sr.','Aluno 31','Aluno 31',NULL,NULL,NULL,'instruendo',100.000),
	(40,1,NULL,1,19,'Sr.','Aluno 32','Aluno 32',NULL,NULL,NULL,'instruendo',100.000),
	(41,1,NULL,1,19,'Sr.','Aluno 33','Aluno 33',NULL,NULL,NULL,'instruendo',100.000),
	(42,1,NULL,1,19,'Sr.','Aluno 34','Aluno 34',NULL,NULL,NULL,'instruendo',100.000),
	(43,1,NULL,1,19,'Sr.','Aluno 35','Aluno 35',NULL,NULL,NULL,'instruendo',100.000),
	(44,1,NULL,1,19,'Sr.','Aluno 36','Aluno 36',NULL,NULL,NULL,'instruendo',100.000),
	(45,1,NULL,1,19,'Sr.','Aluno 37','Aluno 37',NULL,NULL,NULL,'instruendo',100.000),
	(46,1,NULL,1,19,'Sr.','Aluno 38','Aluno 38',NULL,NULL,NULL,'instruendo',100.000),
	(47,1,NULL,1,19,'Sr.','Aluno 39','Aluno 39',NULL,NULL,NULL,'instruendo',100.000),
	(48,1,NULL,1,19,'Sr.','Aluno 40','Aluno 40',NULL,NULL,NULL,'instruendo',100.000),
	(49,1,NULL,1,19,'Sr.','Aluno 41','Aluno 41',NULL,NULL,NULL,'instruendo',100.000),
	(50,1,NULL,1,19,'Sr.','Aluno 42','Aluno 42',NULL,NULL,NULL,'instruendo',100.000),
	(51,1,NULL,1,19,'Sr.','Aluno 43','Aluno 43',NULL,NULL,NULL,'instruendo',100.000),
	(52,1,NULL,1,19,'Sr.','Aluno 44','Aluno 44',NULL,NULL,NULL,'instruendo',100.000),
	(53,1,NULL,1,19,'Sr.','Aluno 45','Aluno 45',NULL,NULL,NULL,'instruendo',100.000),
	(54,1,NULL,1,19,'Sr.','Aluno 46','Aluno 46',NULL,NULL,NULL,'instruendo',100.000),
	(55,1,NULL,1,19,'Sr.','Aluno 47','Aluno 47',NULL,NULL,NULL,'instruendo',100.000),
	(56,1,NULL,1,19,'Sr.','Aluno 48','Aluno 48',NULL,NULL,NULL,'instruendo',100.000),
	(57,1,NULL,1,19,'Sr.','Aluno 49','Aluno 49',NULL,NULL,NULL,'instruendo',100.000),
	(58,1,NULL,1,19,'Sr.','Aluno 50','Aluno 50',NULL,NULL,NULL,'instruendo',100.000),
	(59,1,NULL,1,19,'Sr.','Aluno 51','Aluno 51',NULL,NULL,NULL,'instruendo',100.000),
	(60,1,NULL,1,19,'Sr.','Aluno 52','Aluno 52',NULL,NULL,NULL,'instruendo',100.000),
	(61,1,NULL,1,19,'Sr.','Aluno 53','Aluno 53',NULL,NULL,NULL,'instruendo',100.000),
	(62,1,NULL,1,19,'Sr.','Aluno 54','Aluno 54',NULL,NULL,NULL,'instruendo',100.000),
	(63,1,NULL,1,19,'Sr.','Aluno 55','Aluno 55',NULL,NULL,NULL,'instruendo',100.000),
	(64,1,NULL,1,19,'Sr.','Aluno 56','Aluno 56',NULL,NULL,NULL,'instruendo',100.000),
	(65,1,NULL,1,19,'Sr.','Aluno 57','Aluno 57',NULL,NULL,NULL,'instruendo',100.000),
	(66,1,NULL,1,19,'Sr.','Aluno 58','Aluno 58',NULL,NULL,NULL,'instruendo',100.000),
	(67,1,NULL,1,19,'Sr.','Aluno 59','Aluno 59',NULL,NULL,NULL,'instruendo',100.000),
	(68,1,NULL,1,19,'Sr.','Aluno 60','Aluno 60',NULL,NULL,NULL,'instruendo',100.000);

INSERT INTO usuarios (usuario_id, usuario_contato, usuario_login, usuario_senha, usuario_grupo_dept, usuario_acesso_email, usuario_pode_oculta, usuario_rodape, usuario_chavepublica, usuario_especial, usuario_ativo, usuario_admin, usuario_login2, usuario_senha2,  usuario_contas) VALUES
	(9,9	,'aluno01','e10adc3949ba59abbe56e057f20f883e',0,2,1,0,NULL,0,1,0,NULL,NULL,NULL),
	(10,10,'aluno02','e10adc3949ba59abbe56e057f20f883e',0,2,1,0,NULL,0,1,0,NULL,NULL,NULL),
	(11,11,'aluno03','e10adc3949ba59abbe56e057f20f883e',0,2,1,0,NULL,0,1,0,NULL,NULL,NULL),
	(12,12,'aluno04','e10adc3949ba59abbe56e057f20f883e',0,2,1,0,NULL,0,1,0,NULL,NULL,NULL),
	(13,13,'aluno05','e10adc3949ba59abbe56e057f20f883e',0,2,1,0,NULL,0,1,0,NULL,NULL,NULL),
	(14,14,'aluno06','e10adc3949ba59abbe56e057f20f883e',0,2,1,0,NULL,0,1,0,NULL,NULL,NULL),
	(15,15,'aluno07','e10adc3949ba59abbe56e057f20f883e',0,2,1,0,NULL,0,1,0,NULL,NULL,NULL),
	(16,16,'aluno08','e10adc3949ba59abbe56e057f20f883e',0,2,1,0,NULL,0,1,0,NULL,NULL,NULL),
	(17,17,'aluno09','e10adc3949ba59abbe56e057f20f883e',0,2,1,0,NULL,0,1,0,NULL,NULL,NULL),
	(18,18,'aluno10','e10adc3949ba59abbe56e057f20f883e',0,2,1,0,NULL,0,1,0,NULL,NULL,NULL),
	(19,19,'aluno11','e10adc3949ba59abbe56e057f20f883e',0,2,1,0,NULL,0,1,0,NULL,NULL,NULL),
	(20,20,'aluno12','e10adc3949ba59abbe56e057f20f883e',0,2,1,0,NULL,0,1,0,NULL,NULL,NULL),
	(21,21,'aluno13','e10adc3949ba59abbe56e057f20f883e',0,2,1,0,NULL,0,1,0,NULL,NULL,NULL),
	(22,22,'aluno14','e10adc3949ba59abbe56e057f20f883e',0,2,1,0,NULL,0,1,0,NULL,NULL,NULL),
	(23,23,'aluno15','e10adc3949ba59abbe56e057f20f883e',0,2,1,0,NULL,0,1,0,NULL,NULL,NULL),
	(24,24,'aluno16','e10adc3949ba59abbe56e057f20f883e',0,2,1,0,NULL,0,1,0,NULL,NULL,NULL),
	(25,25,'aluno17','e10adc3949ba59abbe56e057f20f883e',0,2,1,0,NULL,0,1,0,NULL,NULL,NULL),
	(26,26,'aluno18','e10adc3949ba59abbe56e057f20f883e',0,2,1,0,NULL,0,1,0,NULL,NULL,NULL),
	(27,27,'aluno19','e10adc3949ba59abbe56e057f20f883e',0,2,1,0,NULL,0,1,0,NULL,NULL,NULL),
	(28,28,'aluno20','e10adc3949ba59abbe56e057f20f883e',0,2,1,0,NULL,0,1,0,NULL,NULL,NULL),
	(29,29,'aluno21','e10adc3949ba59abbe56e057f20f883e',0,2,1,0,NULL,0,1,0,NULL,NULL,NULL),
	(30,30,'aluno22','e10adc3949ba59abbe56e057f20f883e',0,2,1,0,NULL,0,1,0,NULL,NULL,NULL),
	(31,31,'aluno23','e10adc3949ba59abbe56e057f20f883e',0,2,1,0,NULL,0,1,0,NULL,NULL,NULL),
	(32,32,'aluno24','e10adc3949ba59abbe56e057f20f883e',0,2,1,0,NULL,0,1,0,NULL,NULL,NULL),
	(33,33,'aluno25','e10adc3949ba59abbe56e057f20f883e',0,2,1,0,NULL,0,1,0,NULL,NULL,NULL),
	(34,34,'aluno26','e10adc3949ba59abbe56e057f20f883e',0,2,1,0,NULL,0,1,0,NULL,NULL,NULL),
	(35,35,'aluno27','e10adc3949ba59abbe56e057f20f883e',0,2,1,0,NULL,0,1,0,NULL,NULL,NULL),
	(36,36,'aluno28','e10adc3949ba59abbe56e057f20f883e',0,2,1,0,NULL,0,1,0,NULL,NULL,NULL),
	(37,37,'aluno29','e10adc3949ba59abbe56e057f20f883e',0,2,1,0,NULL,0,1,0,NULL,NULL,NULL),
	(38,38,'aluno30','e10adc3949ba59abbe56e057f20f883e',0,2,1,0,NULL,0,1,0,NULL,NULL,NULL),
	(39,39,'aluno31','e10adc3949ba59abbe56e057f20f883e',0,2,1,0,NULL,0,1,0,NULL,NULL,NULL),
	(40,40,'aluno32','e10adc3949ba59abbe56e057f20f883e',0,2,1,0,NULL,0,1,0,NULL,NULL,NULL),
	(41,41,'aluno33','e10adc3949ba59abbe56e057f20f883e',0,2,1,0,NULL,0,1,0,NULL,NULL,NULL),
	(42,42,'aluno34','e10adc3949ba59abbe56e057f20f883e',0,2,1,0,NULL,0,1,0,NULL,NULL,NULL),
	(43,43,'aluno35','e10adc3949ba59abbe56e057f20f883e',0,2,1,0,NULL,0,1,0,NULL,NULL,NULL),
	(44,44,'aluno36','e10adc3949ba59abbe56e057f20f883e',0,2,1,0,NULL,0,1,0,NULL,NULL,NULL),
	(45,45,'aluno37','e10adc3949ba59abbe56e057f20f883e',0,2,1,0,NULL,0,1,0,NULL,NULL,NULL),
	(46,46,'aluno38','e10adc3949ba59abbe56e057f20f883e',0,2,1,0,NULL,0,1,0,NULL,NULL,NULL),
	(47,47,'aluno39','e10adc3949ba59abbe56e057f20f883e',0,2,1,0,NULL,0,1,0,NULL,NULL,NULL),
	(48,48,'aluno40','e10adc3949ba59abbe56e057f20f883e',0,2,1,0,NULL,0,1,0,NULL,NULL,NULL),
	(49,49,'aluno41','e10adc3949ba59abbe56e057f20f883e',0,2,1,0,NULL,0,1,0,NULL,NULL,NULL),
	(50,50,'aluno42','e10adc3949ba59abbe56e057f20f883e',0,2,1,0,NULL,0,1,0,NULL,NULL,NULL),
	(51,51,'aluno43','e10adc3949ba59abbe56e057f20f883e',0,2,1,0,NULL,0,1,0,NULL,NULL,NULL),
	(52,52,'aluno44','e10adc3949ba59abbe56e057f20f883e',0,2,1,0,NULL,0,1,0,NULL,NULL,NULL),
	(53,53,'aluno45','e10adc3949ba59abbe56e057f20f883e',0,2,1,0,NULL,0,1,0,NULL,NULL,NULL),
	(54,54,'aluno46','e10adc3949ba59abbe56e057f20f883e',0,2,1,0,NULL,0,1,0,NULL,NULL,NULL),
	(55,55,'aluno47','e10adc3949ba59abbe56e057f20f883e',0,2,1,0,NULL,0,1,0,NULL,NULL,NULL),
	(56,56,'aluno48','e10adc3949ba59abbe56e057f20f883e',0,2,1,0,NULL,0,1,0,NULL,NULL,NULL),
	(57,57,'aluno49','e10adc3949ba59abbe56e057f20f883e',0,2,1,0,NULL,0,1,0,NULL,NULL,NULL),
	(58,58,'aluno50','e10adc3949ba59abbe56e057f20f883e',0,2,1,0,NULL,0,1,0,NULL,NULL,NULL),
	(59,59,'aluno51','e10adc3949ba59abbe56e057f20f883e',0,2,1,0,NULL,0,1,0,NULL,NULL,NULL),
	(60,60,'aluno52','e10adc3949ba59abbe56e057f20f883e',0,2,1,0,NULL,0,1,0,NULL,NULL,NULL),
	(61,61,'aluno53','e10adc3949ba59abbe56e057f20f883e',0,2,1,0,NULL,0,1,0,NULL,NULL,NULL),
	(62,62,'aluno54','e10adc3949ba59abbe56e057f20f883e',0,2,1,0,NULL,0,1,0,NULL,NULL,NULL),
	(63,63,'aluno55','e10adc3949ba59abbe56e057f20f883e',0,2,1,0,NULL,0,1,0,NULL,NULL,NULL),
	(64,64,'aluno56','e10adc3949ba59abbe56e057f20f883e',0,2,1,0,NULL,0,1,0,NULL,NULL,NULL),
	(65,65,'aluno57','e10adc3949ba59abbe56e057f20f883e',0,2,1,0,NULL,0,1,0,NULL,NULL,NULL),
	(66,66,'aluno58','e10adc3949ba59abbe56e057f20f883e',0,2,1,0,NULL,0,1,0,NULL,NULL,NULL),
	(67,67,'aluno59','e10adc3949ba59abbe56e057f20f883e',0,2,1,0,NULL,0,1,0,NULL,NULL,NULL),
	(68,68,'aluno60','e10adc3949ba59abbe56e057f20f883e',0,2,1,0,NULL,0,1,0,NULL,NULL,NULL);

INSERT INTO perfil_usuario (perfil_usuario_usuario, perfil_usuario_perfil) VALUES
	(9,14),
	(10,14),
	(11,14),
	(12,14),
	(13,14),
	(14,14),
	(15,14),
	(16,14),
	(17,14),
	(18,14),
	(19,14),
	(20,14),
	(21,14),
	(22,14),
	(23,14),
	(24,14),
	(25,14),
	(26,14),
	(27,14),
	(28,14),
	(29,14),
	(30,14),
	(31,14),
	(32,14),
	(33,14),
	(34,14),
	(35,14),
	(36,14),
	(37,14),
	(38,14),
	(39,14),
	(40,14),
	(41,14),
	(42,14),
	(43,14),
	(44,14),
	(45,14),
	(46,14),
	(47,14),
	(48,14),
	(49,14),
	(50,14),
	(51,14),
	(52,14),
	(53,14),
	(54,14),
	(55,14),
	(56,14),
	(57,14),
	(58,14),
	(59,14),
	(60,14),
	(61,14),
	(62,14),
	(63,14),
	(64,14),
	(65,14),
	(66,14),
	(67,14),
	(68,14);
